Names,Age,Team,Nationality,Contract Expiration,Page Link,Name ID,Manager ID,Manager Profile
Arne Slot,46,Liverpool FC,Netherlands,"Jun 30, 2027",https://www.transfermarkt.us/arne-slot/profil/trainer/34822,arne-slot,34822,https://img.a.transfermarkt.technology/portrait/header/34822-1704539931.jpg?lm=1
Mikel Arteta,42,Arsenal FC,Spain,"Jun 30, 2027",https://www.transfermarkt.us/mikel-arteta/profil/trainer/47620,mikel-arteta,47620,https://img.a.transfermarkt.technology/portrait/header/47620-1681398729.jpg?lm=1
Enzo Maresca,44,Chelsea FC,Italy,"Jun 30, 2029",https://www.transfermarkt.us/enzo-maresca/profil/trainer/53749,enzo-maresca,53749,https://img.a.transfermarkt.technology/portrait/header/53749-1717428745.jpg?lm=1
Fabian Hürzeler,31,Brighton & Hove Albion,Germany,"Jun 30, 2027",https://www.transfermarkt.us/fabian-hurzeler/profil/trainer/48076,fabian-hurzeler,48076,https://img.a.transfermarkt.technology/portrait/header/48076-1692965652.jpg?lm=1
Pep Guardiola,53,Manchester City,Spain,"Jun 30, 2027",https://www.transfermarkt.us/pep-guardiola/profil/trainer/5672,pep-guardiola,5672,https://img.a.transfermarkt.technology/portrait/header/5672-1701335303.jpg?lm=1
Nuno Espírito Santo,50,Nottingham Forest,Portugal,"Jun 30, 2026",https://www.transfermarkt.us/nuno-espirito-santo/profil/trainer/16520,nuno-espirito-santo,16520,https://img.a.transfermarkt.technology/portrait/header/16520-1472031303.jpg?lm=1
Ange Postecoglou,59,Tottenham Hotspur,Australia,"Jun 30, 2027",https://www.transfermarkt.us/ange-postecoglou/profil/trainer/11929,ange-postecoglou,11929,https://img.a.transfermarkt.technology/portrait/header/11929-1686044503.jpg?lm=1
Thomas Frank,51,Brentford FC,Denmark,"Jun 30, 2027",https://www.transfermarkt.us/thomas-frank/profil/trainer/9002,thomas-frank,9002,https://img.a.transfermarkt.technology/portrait/header/9002-1560935512.png?lm=1
Ruben Amorim,39,Manchester United,Portugal,"Jun 30, 2027",https://www.transfermarkt.us/ruben-amorim/profil/trainer/65202,ruben-amorim,65202,https://img.a.transfermarkt.technology/portrait/header/65202-1681307647.jpg?lm=1
Marco Silva,47,Fulham FC,Portugal,"Jun 30, 2026",https://www.transfermarkt.us/marco-silva/profil/trainer/19631,marco-silva,19631,https://img.a.transfermarkt.technology/portrait/header/19631-1628697691.jpg?lm=1
Eddie Howe,47,Newcastle United,England,"Jun 30, 2026",https://www.transfermarkt.us/eddie-howe/profil/trainer/10976,eddie-howe,10976,https://img.a.transfermarkt.technology/portrait/header/10976-1683292620.jpg?lm=1
Unai Emery,53,Aston Villa,Spain,"Jun 30, 2029",https://www.transfermarkt.us/unai-emery/profil/trainer/5075,unai-emery,5075,https://img.a.transfermarkt.technology/portrait/header/5075-1696964165.jpg?lm=1
Andoni Iraola,42,AFC Bournemouth,Spain,"Jun 30, 2026",https://www.transfermarkt.us/andoni-iraola/profil/trainer/60677,andoni-iraola,60677,https://img.a.transfermarkt.technology/portrait/header/60677-1596785077.jpg?lm=1
Julen Lopetegui,58,West Ham United,Spain,"Jun 30, 2026",https://www.transfermarkt.us/julen-lopetegui/profil/trainer/6615,julen-lopetegui,6615,https://img.a.transfermarkt.technology/portrait/header/6615-1664870155.jpg?lm=1
Ruud van Nistelrooy,48,Leicester City,Netherlands,"Jun 30, 2027",https://www.transfermarkt.us/ruud-van-nistelrooy/profil/trainer/36058,ruud-van-nistelrooy,36058,https://img.a.transfermarkt.technology/portrait/header/36058-1730116993.jpg?lm=1
Oliver Glasner,50,Crystal Palace,Austria,"Jun 30, 2026",https://www.transfermarkt.us/oliver-glasner/profil/trainer/22891,oliver-glasner,22891,https://img.a.transfermarkt.technology/portrait/header/22891-1663064999.jpg?lm=1
Sean Dyche,53,Everton FC,England,"Jun 30, 2025",https://www.transfermarkt.us/sean-dyche/profil/trainer/15856,sean-dyche,15856,https://img.a.transfermarkt.technology/portrait/header/15856-1708012103.jpg?lm=1
Gary O'Neil,41,Wolverhampton Wanderers,England,"Jun 30, 2028",https://www.transfermarkt.us/gary-oneil/profil/trainer/82647,gary-oneil,82647,https://img.a.transfermarkt.technology/portrait/header/82647-1661847171.jpg?lm=1
Kieran McKenna,38,Ipswich Town,Northern Ireland,"Jun 30, 2028",https://www.transfermarkt.us/kieran-mckenna/profil/trainer/45670,kieran-mckenna,45670,https://img.a.transfermarkt.technology/portrait/header/45670-1643108376.jpg?lm=1
Russell Martin,38,Southampton FC,Scotland,"Jun 30, 2026",https://www.transfermarkt.us/russell-martin/profil/trainer/74204,russell-martin,74204,https://img.a.transfermarkt.technology/portrait/header/74204-1653985778.jpg?lm=1
Hansi Flick,59,FC Barcelona,Germany,"Jun 30, 2026",https://www.transfermarkt.us/hansi-flick/profil/trainer/67,hansi-flick,67,https://img.a.transfermarkt.technology/portrait/header/67-1730118788.jpg?lm=1
Carlo Ancelotti,65,Real Madrid,Italy,"Jun 30, 2026",https://www.transfermarkt.us/carlo-ancelotti/profil/trainer/523,carlo-ancelotti,523,https://img.a.transfermarkt.technology/portrait/header/523-1502276656.jpg?lm=1
Diego Simeone,54,Atlético de Madrid,Argentina,"Jun 30, 2027",https://www.transfermarkt.us/diego-simeone/profil/trainer/2868,diego-simeone,2868,https://img.a.transfermarkt.technology/portrait/header/2868-1666861792.jpg?lm=1
Ernesto Valverde,60,Athletic Bilbao,Spain,"Jun 30, 2025",https://www.transfermarkt.us/ernesto-valverde/profil/trainer/1559,ernesto-valverde,1559,https://img.a.transfermarkt.technology/portrait/header/1559-1502879607.jpg?lm=1
Marcelino,59,Villarreal CF,Spain,"Jun 30, 2026",https://www.transfermarkt.us/marcelino/profil/trainer/5095,marcelino,5095,https://img.a.transfermarkt.technology/portrait/header/5095-1699904486.jpg?lm=1
Jagoba Arrasate,46,RCD Mallorca,Spain,"Jun 30, 2027",https://www.transfermarkt.us/jagoba-arrasate/profil/trainer/29192,jagoba-arrasate,29192,https://img.a.transfermarkt.technology/portrait/header/_1375350614.jpg?lm=1
Vicente Moreno,50,CA Osasuna,Spain,"Jun 30, 2025",https://www.transfermarkt.us/vicente-moreno/profil/trainer/19601,vicente-moreno,19601,https://img.a.transfermarkt.technology/portrait/header/19601-1583333307.jpg?lm=1
Míchel,49,Girona FC,Spain,"Jun 30, 2026",https://www.transfermarkt.us/michel/profil/trainer/33636,michel,33636,https://img.a.transfermarkt.technology/portrait/header/33636-1696963408.jpg?lm=1
Imanol Alguacil,53,Real Sociedad,Spain,"Jun 30, 2025",https://www.transfermarkt.us/imanol-alguacil/profil/trainer/33333,imanol-alguacil,33333,https://img.a.transfermarkt.technology/portrait/header/33333-1545833695.jpg?lm=1
Manuel Pellegrini,71,Real Betis Balompié,Chile,"Jun 30, 2026",https://www.transfermarkt.us/manuel-pellegrini/profil/trainer/1558,manuel-pellegrini,1558,https://img.a.transfermarkt.technology/portrait/header/1558-1547732049.jpg?lm=1
Xavier García Pimienta,50,Sevilla FC,Spain,"Jun 30, 2027",https://www.transfermarkt.us/xavier-garcia-pimienta/profil/trainer/23730,xavier-garcia-pimienta,23730,https://img.a.transfermarkt.technology/portrait/header/23730-1597651680.jpg?lm=1
Claudio Giráldez,36,Celta de Vigo,Spain,"Jun 30, 2027",https://www.transfermarkt.us/claudio-giraldez/profil/trainer/97955,claudio-giraldez,97955,https://img.a.transfermarkt.technology/portrait/header/97955-1713535765.jpg?lm=1
Iñigo Pérez,36,Rayo Vallecano,Spain,"Jun 30, 2025",https://www.transfermarkt.us/inigo-perez/profil/trainer/107085,inigo-perez,107085,https://img.a.transfermarkt.technology/portrait/header/107085-1707905982.jpg?lm=1
Diego Martínez,43,UD Las Palmas,Spain,"Jun 30, 2025",https://www.transfermarkt.us/diego-martinez/profil/trainer/25435,diego-martinez,25435,https://img.a.transfermarkt.technology/portrait/header/25435-1696247135.jpg?lm=1
Borja Jiménez,39,CD Leganés,Spain,"Jun 30, 2025",https://www.transfermarkt.us/borja-jimenez/profil/trainer/43500,borja-jimenez,43500,https://img.a.transfermarkt.technology/portrait/header/43500-1698881718.jpg?lm=1
Eduardo Coudet,50,Deportivo Alavés,Argentina,"Jun 30, 2025",https://www.transfermarkt.us/eduardo-coudet/profil/trainer/38808,eduardo-coudet,38808,https://img.a.transfermarkt.technology/portrait/header/38808-1600586507.jpg?lm=1
Pepe Bordalás,60,Getafe CF,Spain,"Jun 30, 2025",https://www.transfermarkt.us/pepe-bordalas/profil/trainer/6440,pepe-bordalas,6440,https://img.a.transfermarkt.technology/portrait/header/6440-1696863140.jpg?lm=1
Manolo González,45,RCD Espanyol Barcelona,Spain,"Jun 30, 2025",https://www.transfermarkt.us/manolo-gonzalez/profil/trainer/6446,manolo-gonzalez,6446,https://img.a.transfermarkt.technology/portrait/header/default.jpg?lm=1
Rubén Baraja,49,Valencia CF,Spain,"Jun 30, 2026",https://www.transfermarkt.us/ruben-baraja/profil/trainer/19552,ruben-baraja,19552,https://img.a.transfermarkt.technology/portrait/header/19552-1487752239.jpg?lm=1
Álvaro Rubio,45,Real Valladolid CF,Spain,"Jun 30, 2025",https://www.transfermarkt.us/alvaro-rubio/profil/trainer/62317,alvaro-rubio,62317,https://img.a.transfermarkt.technology/portrait/header/62317-1732218820.jpg?lm=1
Antonio Conte,55,SSC Napoli,Italy,"Jun 30, 2027",https://www.transfermarkt.us/antonio-conte/profil/trainer/3517,antonio-conte,3517,https://img.a.transfermarkt.technology/portrait/header/3517-1502879329.jpg?lm=1
Gian Piero Gasperini,66,Atalanta BC,Italy,"Jun 30, 2025",https://www.transfermarkt.us/gian-piero-gasperini/profil/trainer/3436,gian-piero-gasperini,3436,https://img.a.transfermarkt.technology/portrait/header/3436-1663862210.jpg?lm=1
Simone Inzaghi,48,Inter Milan,Italy,"Jun 30, 2027",https://www.transfermarkt.us/simone-inzaghi/profil/trainer/21624,simone-inzaghi,21624,https://img.a.transfermarkt.technology/portrait/header/21624-1663979865.jpg?lm=1
Raffaele Palladino,40,ACF Fiorentina,Italy,"Jun 30, 2026",https://www.transfermarkt.us/raffaele-palladino/profil/trainer/95674,raffaele-palladino,95674,https://img.a.transfermarkt.technology/portrait/header/95674-1663872108.jpg?lm=1
Marco Baroni,61,SS Lazio,Italy,"Jun 30, 2026",https://www.transfermarkt.us/marco-baroni/profil/trainer/12015,marco-baroni,12015,https://img.a.transfermarkt.technology/portrait/header/12015-1718122168.jpg?lm=1
Thiago Motta,42,Juventus FC,Italy,"Jun 30, 2027",https://www.transfermarkt.us/thiago-motta/profil/trainer/61868,thiago-motta,61868,https://img.a.transfermarkt.technology/portrait/header/61868-1716465078.jpg?lm=1
Paulo Fonseca,51,AC Milan,Portugal,"Jun 30, 2027",https://www.transfermarkt.us/paulo-fonseca/profil/trainer/19944,paulo-fonseca,19944,https://img.a.transfermarkt.technology/portrait/header/19944-1502877907.jpg?lm=1
Vincenzo Italiano,46,Bologna FC 1909,Italy,"Jun 30, 2026",https://www.transfermarkt.us/vincenzo-italiano/profil/trainer/47288,vincenzo-italiano,47288,https://img.a.transfermarkt.technology/portrait/header/47288-1663950225.jpg?lm=1
Kosta Runjaic,53,Udinese Calcio,Germany,"Jun 30, 2025",https://www.transfermarkt.us/kosta-runjaic/profil/trainer/1982,kosta-runjaic,1982,https://img.a.transfermarkt.technology/portrait/header/1982-1677704993.png?lm=1
Roberto D'Aversa,49,FC Empoli,Italy,"Jun 30, 2026",https://www.transfermarkt.us/roberto-daversa/profil/trainer/35782,roberto-daversa,35782,https://img.a.transfermarkt.technology/portrait/header/35782-1443173493.jpg?lm=1
Fabio Pecchia,51,Parma Calcio 1913,Italy,"Jun 30, 2027",https://www.transfermarkt.us/fabio-pecchia/profil/trainer/19635,fabio-pecchia,19635,https://img.a.transfermarkt.technology/portrait/header/19635-1663981077.jpg?lm=1
Paolo Vanoli,52,Torino FC,Italy,"Jun 30, 2026",https://www.transfermarkt.us/paolo-vanoli/profil/trainer/31876,paolo-vanoli,31876,https://img.a.transfermarkt.technology/portrait/header/31876-1677440290.jpg?lm=1
Davide Nicola,51,Cagliari Calcio,Italy,"Jun 30, 2026",https://www.transfermarkt.us/davide-nicola/profil/trainer/14892,davide-nicola,14892,https://img.a.transfermarkt.technology/portrait/header/14892-1644914474.png?lm=1
Patrick Vieira,48,Genoa CFC,France,"Jun 30, 2026",https://www.transfermarkt.us/patrick-vieira/profil/trainer/20029,patrick-vieira,20029,https://img.a.transfermarkt.technology/portrait/header/20029-1574786494.jpg?lm=1
Claudio Ranieri,73,AS Roma,Italy,"Jun 30, 2025",https://www.transfermarkt.us/claudio-ranieri/profil/trainer/456,claudio-ranieri,456,https://img.a.transfermarkt.technology/portrait/header/456-1521199129.jpg?lm=1
Marco Giampaolo,57,US Lecce,Italy,"Jun 30, 2025",https://www.transfermarkt.us/marco-giampaolo/profil/trainer/3257,marco-giampaolo,3257,https://img.a.transfermarkt.technology/portrait/header/3257-1663929122.jpg?lm=1
Paolo Zanetti,41,Hellas Verona,Italy,"Jun 30, 2025",https://www.transfermarkt.us/paolo-zanetti/profil/trainer/52249,paolo-zanetti,52249,https://img.a.transfermarkt.technology/portrait/header/52249-1663930060.jpg?lm=1
Cesc Fàbregas,37,Como 1907,Spain,"Jun 30, 2028",https://www.transfermarkt.us/cesc-fabregas/profil/trainer/117406,cesc-fabregas,117406,https://img.a.transfermarkt.technology/portrait/header/117406-1699867535.jpg?lm=1
Alessandro Nesta,48,AC Monza,Italy,"Jun 30, 2025",https://www.transfermarkt.us/alessandro-nesta/profil/trainer/34187,alessandro-nesta,34187,https://img.a.transfermarkt.technology/portrait/header/34187-1570172424.jpg?lm=1
Eusebio Di Francesco,55,Venezia FC,Italy,"Jun 30, 2026",https://www.transfermarkt.us/eusebio-di-francesco/profil/trainer/12924,eusebio-di-francesco,12924,https://img.a.transfermarkt.technology/portrait/header/12924-1631177386.jpg?lm=1
Vincent Kompany,38,Bayern Munich,Belgium,"Jun 30, 2027",https://www.transfermarkt.us/vincent-kompany/profil/trainer/69681,vincent-kompany,69681,https://img.a.transfermarkt.technology/portrait/header/69681-1564388151.jpg?lm=1
Dino Toppmöller,44,Eintracht Frankfurt,Germany,"Jun 30, 2026",https://www.transfermarkt.us/dino-toppmoller/profil/trainer/14861,dino-toppmoller,14861,https://img.a.transfermarkt.technology/portrait/header/14861-1696510724.jpg?lm=1
Xabi Alonso,43,Bayer 04 Leverkusen,Spain,"Jun 30, 2026",https://www.transfermarkt.us/xabi-alonso/profil/trainer/63052,xabi-alonso,63052,https://img.a.transfermarkt.technology/portrait/header/63052-1665057370.jpg?lm=1
Marco Rose,48,RB Leipzig,Germany,"Jun 30, 2026",https://www.transfermarkt.us/marco-rose/profil/trainer/24197,marco-rose,24197,https://img.a.transfermarkt.technology/portrait/header/24197-1662631843.jpg?lm=1
Nuri Şahin,36,Borussia Dortmund,Türkiye,"Jun 30, 2027",https://www.transfermarkt.us/nuri-sahin/profil/trainer/96813,nuri-sahin,96813,https://img.a.transfermarkt.technology/portrait/header/96813-1718279923.jpg?lm=1
Julian Schuster,39,SC Freiburg,Germany,"Jun 30, 2027",https://www.transfermarkt.us/julian-schuster/profil/trainer/61575,julian-schuster,61575,https://img.a.transfermarkt.technology/portrait/header/61575-1723190205.jpg?lm=1
Bo Henriksen,49,1.FSV Mainz 05,UEFA Pro Licence,"Jun 30, 2026",https://www.transfermarkt.us/bo-henriksen/profil/trainer/8524,bo-henriksen,8524,https://img.a.transfermarkt.technology/portrait/header/8524-1708201984.jpg?lm=1
Ralph Hasenhüttl,57,VfL Wolfsburg,Austria,"Jun 30, 2026",https://www.transfermarkt.us/ralph-hasenhuttl/profil/trainer/2300,ralph-hasenhuttl,2300,https://img.a.transfermarkt.technology/portrait/header/2300-1661419096.jpg?lm=1
Sebastian Hoeneß,42,VfB Stuttgart,Germany,"Jun 30, 2027",https://www.transfermarkt.us/sebastian-hoeness/profil/trainer/20940,sebastian-hoeness,20940,https://img.a.transfermarkt.technology/portrait/header/20940-1723706842.jpg?lm=1
Gerardo Seoane,46,Borussia Mönchengladbach,Switzerland,"Jun 30, 2026",https://www.transfermarkt.us/gerardo-seoane/profil/trainer/23817,gerardo-seoane,23817,https://img.a.transfermarkt.technology/portrait/header/23817-1722945930.jpg?lm=1
Bo Svensson,45,1.FC Union Berlin,Denmark,"Jun 30, 2026",https://www.transfermarkt.us/bo-svensson/profil/trainer/35997,bo-svensson,35997,https://img.a.transfermarkt.technology/portrait/header/35997-1726352208.jpg?lm=1
Ole Werner,36,SV Werder Bremen,Germany,"Jun 30, 2026",https://www.transfermarkt.us/ole-werner/profil/trainer/34514,ole-werner,34514,https://img.a.transfermarkt.technology/portrait/header/34514-1712569474.jpg?lm=1
Jess Thorup,54,FC Augsburg,Denmark,"Jun 30, 2026",https://www.transfermarkt.us/jess-thorup/profil/trainer/2898,jess-thorup,2898,https://img.a.transfermarkt.technology/portrait/header/2898-1722851005.jpg?lm=1
Christian Ilzer,47,TSG 1899 Hoffenheim,Austria,"Jun 30, 2026",https://www.transfermarkt.us/christian-ilzer/profil/trainer/4855,christian-ilzer,4855,https://img.a.transfermarkt.technology/portrait/header/4855-1694035513.jpg?lm=1
Alexander Blessin,51,FC St. Pauli,Germany,"Jun 30, 2026",https://www.transfermarkt.us/alexander-blessin/profil/trainer/26099,alexander-blessin,26099,https://img.a.transfermarkt.technology/portrait/header/26099-1723636526.jpeg?lm=1
Frank Schmidt,50,1.FC Heidenheim 1846,Germany,"Jun 30, 2027",https://www.transfermarkt.us/frank-schmidt/profil/trainer/6416,frank-schmidt,6416,https://img.a.transfermarkt.technology/portrait/header/6416-1690186444.jpg?lm=1
Marcel Rapp,45,Holstein Kiel,Germany,"Jun 30, 2026",https://www.transfermarkt.us/marcel-rapp/profil/trainer/24235,marcel-rapp,24235,https://img.a.transfermarkt.technology/portrait/header/24235-1657792957.jpg?lm=1
Dieter Hecking,60,VfL Bochum,Germany,"Jun 30, 2025",https://www.transfermarkt.us/dieter-hecking/profil/trainer/306,dieter-hecking,306,https://img.a.transfermarkt.technology/portrait/header/306-1667895363.jpg?lm=1
Luis Enrique,54,Paris Saint-Germain,Spain,"Jun 30, 2025",https://www.transfermarkt.us/luis-enrique/profil/trainer/6499,luis-enrique,6499,https://img.a.transfermarkt.technology/portrait/header/6499-1535801610.jpg?lm=1
Roberto De Zerbi,45,Olympique Marseille,Italy,"Jun 30, 2027",https://www.transfermarkt.us/roberto-de-zerbi/profil/trainer/32157,roberto-de-zerbi,32157,https://img.a.transfermarkt.technology/portrait/header/32157-1683271864.jpg?lm=1
Adi Hütter,54,AS Monaco,Austria,"Jun 30, 2025",https://www.transfermarkt.us/adi-hutter/profil/trainer/5018,adi-hutter,5018,https://img.a.transfermarkt.technology/portrait/header/5018-1716792912.jpg?lm=1
Bruno Génésio,58,LOSC Lille,France,"Jun 30, 2026",https://www.transfermarkt.us/bruno-genesio/profil/trainer/5036,bruno-genesio,5036,https://img.a.transfermarkt.technology/portrait/header/5036-1668528980.jpg?lm=1
Pierre Sage,45,Olympique Lyon,France,"Jun 30, 2026",https://www.transfermarkt.us/pierre-sage/profil/trainer/110443,pierre-sage,110443,https://img.a.transfermarkt.technology/portrait/header/110443-1669325355.jpg?lm=1
Franck Haise,53,OGC Nice,France,"Jun 30, 2027",https://www.transfermarkt.us/franck-haise/profil/trainer/27176,franck-haise,27176,https://img.a.transfermarkt.technology/portrait/header/27176-1594322896.jpg?lm=1
Will Still,32,RC Lens,England,"Jun 30, 2027",https://www.transfermarkt.us/will-still/profil/trainer/53316,will-still,53316,https://img.a.transfermarkt.technology/portrait/header/53316-1507801150.jpg?lm=1
Christophe Pélissier,59,AJ Auxerre,France,"Jun 30, 2025",https://www.transfermarkt.us/christophe-pelissier/profil/trainer/24802,christophe-pelissier,24802,https://img.a.transfermarkt.technology/portrait/header/24802-1594313598.jpg?lm=1
Luka Elsner,42,Stade Reims,Slovenia,"Jun 30, 2026",https://www.transfermarkt.us/luka-elsner/profil/trainer/23576,luka-elsner,23576,https://img.a.transfermarkt.technology/portrait/header/23576-1601314976.jpg?lm=1
Carles Martínez,40,FC Toulouse,Spain,"Jun 30, 2026",https://www.transfermarkt.us/carles-martinez/profil/trainer/40683,carles-martinez,40683,https://img.a.transfermarkt.technology/portrait/header/40683-1690565095.jpg?lm=1
Éric Roy,57,Stade Brestois 29,France,"Jun 30, 2025",https://www.transfermarkt.us/eric-roy/profil/trainer/11590,eric-roy,11590,https://img.a.transfermarkt.technology/portrait/header/11590-1701959876.jpg?lm=1
Jorge Sampaoli,64,Stade Rennais FC,Argentina,"Jun 30, 2026",https://www.transfermarkt.us/jorge-sampaoli/profil/trainer/10819,jorge-sampaoli,10819,https://img.a.transfermarkt.technology/portrait/header/10819-1669112571.jpg?lm=1
Liam Rosenior,40,RC Strasbourg Alsace,England,"Jun 30, 2027",https://www.transfermarkt.us/liam-rosenior/profil/trainer/62134,liam-rosenior,62134,https://img.a.transfermarkt.technology/portrait/header/62134-1682083745.jpg?lm=1
Alexandre Dujeux,48,Angers SCO,France,"Jun 30, 2025",https://www.transfermarkt.us/alexandre-dujeux/profil/trainer/24061,alexandre-dujeux,24061,https://img.a.transfermarkt.technology/portrait/header/24061-1678271164.jpg?lm=1
Olivier Dall'Oglio,60,AS Saint-Étienne,France,"Jun 30, 2025",https://www.transfermarkt.us/olivier-dalloglio/profil/trainer/14547,olivier-dalloglio,14547,https://img.a.transfermarkt.technology/portrait/header/14547-1594135639.jpg?lm=1
Didier Digard,38,Le Havre AC,France,"Jun 30, 2026",https://www.transfermarkt.us/didier-digard/profil/trainer/92937,didier-digard,92937,https://img.a.transfermarkt.technology/portrait/header/92937-1675679296.jpg?lm=1
Antoine Kombouaré,61,FC Nantes,France,"Jun 30, 2026",https://www.transfermarkt.us/antoine-kombouare/profil/trainer/1224,antoine-kombouare,1224,https://img.a.transfermarkt.technology/portrait/header/1224-1594990243.jpg?lm=1
Jean-Louis Gasset,70,Montpellier HSC,France,"Jun 30, 2025",https://www.transfermarkt.us/jean-louis-gasset/profil/trainer/2024,jean-louis-gasset,2024,https://img.a.transfermarkt.technology/portrait/header/2024-1448017563.jpg?lm=1